"corridorPK","stopPK"
1,1
2,2
3,3
4,4
5,5
208,5
6,6
209,6
7,7
8,8
13,8
17,8
9,9
66,9
10,10
61,10
11,11
12,12
37,12
9,13
13,13
17,13
14,14
105,15
130,15
195,16
15,17
31,17
86,17
16,18
86,18
144,18
18,19
159,19
176,19
10,20
19,20
30,20
61,20
70,20
17,21
20,21
145,21
198,21
21,22
28,22
42,22
146,22
158,22
220,22
22,23
115,23
120,23
174,23
23,24
150,24
24,25
94,25
96,25
197,25
25,26
190,26
26,27
38,27
58,27
27,28
43,28
152,28
28,29
29,30
15,31
37,31
43,31
112,31
185,31
10,32
19,32
30,32
128,33
182,33
12,34
15,34
31,34
18,35
32,35
87,35
92,35
207,35
10,36
19,36
61,36
70,36
33,37
26,38
16,39
34,39
44,39
63,39
113,39
190,39
215,39
35,40
45,40
36,41
161,42
37,43
143,43
38,44
39,45
33,46
40,47
62,47
156,47
171,47
41,48
42,49
202,49
38,50
88,50
150,50
43,51
152,51
44,52
18,53
45,53
124,53
155,53
183,53
46,54
79,54
124,54
156,54
164,54
47,55
141,55
24,56
48,56
96,56
49,57
13,58
17,58
20,58
204,58
50,59
30,60
51,60
64,60
79,60
112,60
147,60
52,61
53,62
54,63
55,64
47,65
12,66
56,66
5,67
8,67
13,67
17,67
46,67
57,67
90,67
99,67
58,68
59,69
34,70
86,70
134,70
144,70
173,70
190,70
220,70
10,71
30,71
56,71
185,71
60,72
19,73
61,73
40,74
62,74
156,74
171,74
22,75
136,75
150,76
63,77
51,78
64,78
73,78
93,78
112,78
119,78
147,78
65,79
27,80
29,80
41,80
66,81
67,82
5,83
18,83
45,83
68,83
79,83
119,83
164,83
169,83
23,84
69,84
80,84
100,84
107,84
114,84
70,85
71,86
23,87
53,87
33,88
72,88
104,88
137,88
174,88
195,88
51,89
64,89
73,89
93,89
119,89
147,89
14,90
74,91
75,92
76,93
24,94
71,94
77,94
78,94
155,94
207,94
210,94
214,94
78,95
122,95
123,95
51,96
64,96
79,96
98,96
112,96
147,96
198,96
17,97
80,98
100,98
2,99
23,99
38,99
81,100
82,101
32,102
92,102
99,102
83,103
10,104
30,104
49,105
84,105
85,105
29,106
180,107
42,108
85,109
86,110
98,110
124,110
155,110
164,110
111,111
27,112
29,112
41,112
116,112
129,112
135,112
139,112
88,113
81,114
180,114
21,115
89,115
158,115
220,115
78,116
90,116
91,117
32,118
80,118
92,118
99,118
87,119
86,120
93,120
124,120
155,120
156,120
8,121
48,121
94,121
96,121
91,122
95,123
34,124
36,124
44,124
63,124
86,124
97,124
113,124
134,124
173,124
175,124
215,124
220,124
8,125
43,125
46,125
96,125
106,125
189,125
194,125
221,125
36,126
190,126
51,127
64,127
73,127
93,127
119,127
147,127
45,128
124,128
155,128
183,128
8,129
48,129
94,129
96,129
44,130
97,130
13,131
57,131
208,131
21,132
55,132
137,132
154,132
201,132
40,133
62,133
73,133
98,133
119,133
153,133
156,133
171,133
46,134
48,134
92,134
94,134
99,134
118,134
124,134
131,134
162,134
189,134
51,135
98,135
112,135
147,135
198,135
77,136
85,137
45,138
78,139
90,139
123,139
16,140
34,140
86,140
220,140
12,141
23,142
100,142
114,142
101,143
102,144
179,144
52,145
86,145
178,145
60,146
86,146
184,146
103,147
97,148
144,148
40,149
62,149
73,149
98,149
171,149
104,150
24,151
78,151
207,151
208,151
10,152
19,152
61,152
106,153
107,154
29,155
108,156
12,157
23,158
19,159
61,159
70,159
13,160
18,160
57,160
109,160
159,160
176,160
208,160
57,161
183,161
97,162
122,162
110,163
83,164
111,165
51,166
64,166
79,166
98,166
112,166
147,166
198,166
136,167
86,168
21,169
158,169
60,170
113,170
52,171
178,171
23,172
80,172
100,172
114,172
10,173
35,173
126,173
151,173
39,174
115,175
112,176
40,177
62,177
73,177
156,177
171,177
116,178
117,179
186,179
9,180
63,181
48,182
96,182
32,183
80,183
92,183
99,183
104,184
118,185
23,186
38,186
53,186
161,186
48,187
94,187
5,188
45,188
68,188
79,188
119,188
164,188
169,188
183,188
18,189
24,189
48,189
94,189
96,189
120,189
121,190
30,191
51,191
79,191
98,191
198,191
122,192
123,192
54,193
33,194
123,195
6,196
26,197
9,198
66,198
209,198
18,199
32,199
92,199
46,200
106,200
124,200
155,200
164,200
210,200
125,201
35,202
42,202
126,202
151,202
42,203
60,203
220,203
10,204
19,204
61,204
106,205
177,205
127,206
117,207
140,207
128,208
129,209
130,210
67,211
123,211
50,212
3,213
131,214
155,214
164,214
132,215
72,216
133,216
134,217
36,218
63,218
97,218
190,218
75,219
116,219
135,219
206,219
87,220
123,220
136,220
24,221
48,221
94,221
120,221
133,222
16,223
134,223
47,224
8,225
13,225
17,225
36,226
41,227
177,227
137,228
201,228
138,229
159,229
176,229
5,230
46,230
64,230
5,231
46,231
93,231
156,231
169,231
184,231
139,232
38,233
10,234
19,234
61,234
52,235
140,235
130,236
141,237
103,238
128,239
179,239
121,240
142,241
26,242
38,242
58,242
150,242
175,242
129,243
217,244
97,245
37,246
143,246
144,247
10,248
35,248
126,248
140,248
151,248
20,249
145,249
169,249
198,249
146,250
32,251
92,251
99,251
112,251
186,252
55,253
24,254
87,254
207,254
10,255
19,255
30,255
116,256
40,257
62,257
156,257
171,257
118,258
148,259
149,260
8,261
13,261
65,262
115,262
66,263
107,263
126,264
151,264
42,265
60,265
113,265
152,266
70,267
46,268
92,268
99,268
106,268
124,268
155,268
164,268
212,268
105,269
153,269
40,270
62,270
73,270
119,270
153,270
171,270
153,271
221,271
9,272
65,272
17,273
18,273
99,273
109,273
154,273
159,273
176,273
46,274
92,274
99,274
106,274
117,274
124,274
155,274
164,274
186,274
189,274
212,274
118,275
33,276
72,276
104,276
174,276
52,277
80,278
100,278
114,278
92,279
99,279
189,279
212,279
2,280
49,280
172,280
124,281
156,281
8,282
43,282
46,282
96,282
189,282
194,282
221,282
67,283
157,283
112,284
131,285
155,285
164,285
158,286
108,287
178,287
53,288
159,289
176,289
132,290
200,290
160,291
161,292
46,293
48,293
94,293
99,293
117,293
124,293
155,293
164,293
186,293
189,293
60,294
126,294
162,294
206,294
50,295
31,296
143,296
133,297
23,298
53,298
161,298
148,299
66,300
163,301
123,302
166,302
165,303
191,303
54,304
166,305
70,306
39,307
167,308
47,309
90,310
123,310
45,311
68,311
183,311
184,311
58,312
88,312
168,313
193,313
3,314
205,314
102,315
128,315
109,316
155,316
159,316
181,316
78,317
87,317
122,317
170,318
4,319
115,319
168,320
56,321
36,322
63,322
125,323
172,323
65,324
88,325
180,325
132,326
160,326
111,327
34,328
173,328
202,328
20,329
145,329
198,329
21,330
154,330
201,330
4,331
174,331
95,332
132,333
160,333
175,334
39,335
31,336
51,336
64,336
73,336
112,336
119,336
147,336
153,336
170,337
27,338
37,338
43,338
152,338
106,339
124,339
155,339
164,339
50,340
112,340
159,340
176,340
194,340
177,341
111,342
8,343
13,343
17,343
58,344
84,344
23,345
53,345
3,346
24,347
154,347
207,347
23,348
38,348
53,348
19,349
30,349
61,349
52,350
178,350
78,351
87,351
90,351
208,351
128,352
179,352
34,353
113,353
180,354
37,355
43,355
152,355
66,356
165,356
135,357
101,358
38,359
142,360
185,360
30,361
52,361
178,361
50,362
177,363
45,364
155,364
181,364
182,365
137,366
154,366
201,366
160,367
36,368
203,368
149,369
16,370
68,370
181,370
184,370
135,371
139,371
48,372
94,372
115,373
28,374
201,374
152,375
130,376
153,376
44,377
148,378
35,379
68,379
184,379
12,380
86,381
184,381
185,382
45,383
124,383
181,383
127,384
167,385
135,386
179,387
10,388
35,388
42,388
126,388
140,388
151,388
117,389
140,389
5,390
18,390
50,390
79,390
126,390
140,390
153,390
163,390
221,390
20,391
145,391
169,391
198,391
186,392
13,393
57,393
159,393
176,393
183,393
38,394
205,394
188,395
18,396
45,396
68,396
155,396
183,396
184,396
8,397
17,397
99,397
109,397
154,397
176,397
163,398
148,399
24,400
78,400
87,400
90,400
207,400
48,401
94,401
96,401
37,402
43,402
9,403
74,404
190,405
191,406
195,406
38,407
13,408
57,408
111,409
133,410
5,411
18,411
79,411
119,411
127,412
40,413
62,413
73,413
119,413
153,413
156,413
171,413
221,413
141,414
161,414
29,415
14,416
192,417
142,418
34,419
63,419
86,419
113,419
144,419
173,419
220,419
149,420
2,421
49,421
58,421
31,422
105,422
153,422
25,423
16,424
19,424
134,424
23,425
53,425
102,426
148,427
40,428
62,428
73,428
156,428
171,428
193,429
135,430
139,430
23,431
6,432
9,432
107,432
21,433
55,433
122,433
137,433
154,433
60,434
126,434
162,434
178,434
63,435
173,436
202,436
123,437
136,437
31,438
86,438
66,439
107,439
218,439
185,440
199,440
155,441
210,441
214,441
181,442
88,443
180,443
66,444
107,444
42,445
60,445
23,446
38,446
53,446
125,447
194,448
42,449
89,449
112,449
146,449
158,449
201,449
51,450
64,450
73,450
93,450
112,450
119,450
147,450
195,451
5,452
46,452
57,452
64,452
86,452
93,452
147,452
102,453
196,453
31,454
153,454
185,454
221,454
5,455
90,455
154,455
208,455
14,456
148,456
197,456
133,457
11,458
67,458
157,458
199,459
34,460
173,460
202,460
103,461
42,462
60,462
86,462
113,462
107,463
14,464
52,465
178,465
2,466
45,467
50,468
194,468
174,469
40,470
62,470
156,470
171,470
200,471
60,472
67,473
123,473
143,474
34,475
86,475
113,475
173,475
175,475
220,475
150,476
180,476
35,477
42,477
126,477
140,477
151,477
167,478
30,479
52,479
108,479
178,479
21,480
167,481
196,481
4,482
115,482
50,483
21,484
146,484
158,484
201,484
220,484
55,485
154,485
148,486
201,486
42,487
112,487
202,487
174,488
137,489
104,490
31,491
105,491
195,492
54,493
192,493
148,494
6,495
172,495
79,496
93,496
155,496
156,496
164,496
95,497
51,498
79,498
98,498
112,498
147,498
198,498
55,499
179,500
158,501
220,501
1,502
17,503
4,504
3,505
205,505
26,506
205,506
130,507
195,508
203,509
127,510
143,511
138,512
5,513
46,513
169,513
184,513
211,513
128,514
2,515
3,515
49,515
85,515
165,515
52,516
108,516
178,516
61,517
42,518
60,518
15,519
65,520
115,520
170,521
45,522
53,523
148,524
5,525
46,525
57,525
64,525
86,525
93,525
147,525
16,526
34,526
63,526
86,526
113,526
134,526
190,526
220,526
7,527
34,528
175,528
220,528
40,529
62,529
73,529
156,529
171,529
66,530
9,531
14,532
206,533
35,534
126,534
151,534
107,535
199,536
174,537
1,538
199,539
97,540
76,541
29,542
8,543
13,543
17,543
3,544
38,544
205,544
60,545
113,545
24,546
207,546
188,547
5,548
90,548
154,548
208,548
211,548
31,549
105,549
146,550
23,551
69,551
80,551
100,551
114,551
80,552
100,552
114,552
52,553
117,553
140,553
135,554
44,555
122,555
40,556
62,556
73,556
98,556
24,557
154,557
207,557
16,558
181,558
17,559
90,560
154,560
208,560
135,561
121,562
91,563
13,564
57,564
109,564
159,564
168,564
176,564
181,564
183,564
208,564
70,565
121,566
56,567
149,568
174,568
103,569
53,570
27,571
37,571
182,571
188,571
174,572
66,573
133,573
158,574
9,575
3,576
82,577
94,578
22,579
136,579
155,580
214,580
65,581
50,582
194,582
10,583
30,583
29,584
113,585
173,585
2,586
101,587
175,588
5,589
24,589
78,589
208,589
52,590
117,590
140,590
158,591
175,591
202,591
108,592
151,592
13,593
17,593
50,594
159,594
176,594
33,595
45,596
43,597
194,597
111,598
170,599
49,600
121,600
146,601
86,602
54,603
27,604
157,605
76,606
115,606
31,607
152,607
148,608
150,609
15,610
190,611
36,612
20,613
145,613
134,614
161,615
97,616
144,616
192,617
52,618
29,619
137,620
12,621
37,621
143,621
40,622
62,622
73,622
98,622
156,622
171,622
112,623
175,623
91,624
108,625
178,625
21,626
28,626
89,626
4,627
56,628
33,629
149,629
105,630
155,631
21,632
195,632
51,633
64,633
79,633
145,633
198,633
139,634
37,635
39,635
142,635
143,635
199,636
67,637
123,637
188,638
25,639
26,640
205,640
190,641
5,642
169,642
211,642
58,643
6,644
9,644
31,645
153,645
26,646
205,646
121,647
38,648
37,649
3,650
60,651
109,652
159,652
176,652
169,653
190,654
192,654
196,654
160,655
8,656
46,656
96,656
189,656
221,656
1,657
36,657
190,657
32,658
80,658
92,658
99,658
133,659
51,660
64,660
79,660
98,660
112,660
147,660
60,661
86,661
186,662
85,663
45,664
4,665
72,666
11,667
4,668
104,668
116,669
6,670
80,671
195,672
87,673
136,673
34,674
158,674
173,674
202,674
111,675
13,676
57,676
2,677
26,677
38,677
49,677
205,677
66,678
107,678
218,678
31,679
105,679
143,679
52,680
108,680
26,681
38,681
205,681
201,682
47,683
35,684
45,684
67,685
82,685
111,685
50,686
144,687
155,687
159,687
176,687
183,687
192,688
4,689
74,690
5,691
208,691
104,692
21,693
89,693
158,693
201,693
135,694
168,695
14,696
29,697
36,698
7,699
85,700
108,701
151,701
32,702
99,702
189,702
212,702
34,703
173,703
202,703
220,703
68,704
184,704
18,705
24,705
32,705
87,705
92,705
207,705
132,706
20,707
145,707
169,707
198,707
13,708
57,708
183,708
104,709
149,709
174,709
27,710
59,710
105,711
113,711
138,711
167,711
188,712
192,713
55,714
125,715
86,716
14,717
148,717
168,718
135,719
186,720
196,721
27,722
78,723
87,723
90,723
28,724
23,725
92,725
189,725
212,725
56,726
20,727
145,727
169,727
198,727
83,728
5,729
46,729
169,729
49,730
10,731
30,731
61,731
9,732
86,733
143,733
20,734
79,734
145,734
198,734
158,735
152,736
44,737
91,738
57,739
37,740
68,741
184,741
23,742
38,742
85,743
188,744
104,745
49,746
58,746
122,747
175,748
102,749
138,750
12,751
37,751
143,751
54,752
192,753
177,754
50,755
194,755
127,756
32,757
80,757
92,757
99,757
23,758
80,758
92,758
99,758
189,758
212,758
102,759
138,760
132,761
160,761
200,761
84,762
172,762
39,763
152,763
188,764
16,765
19,765
134,765
28,766
135,767
163,768
95,769
15,770
27,770
46,771
106,771
124,771
155,771
88,772
54,773
190,773
134,774
43,775
51,775
64,775
93,775
119,775
147,775
42,776
166,776
182,777
130,778
152,779
135,780
88,781
100,781
81,782
32,783
92,783
10,784
30,784
61,784
9,785
105,786
221,786
9,787
39,788
25,789
134,790
124,791
164,791
26,792
58,792
20,793
169,793
198,793
74,794
155,795
214,795
102,796
91,797
186,798
15,799
180,800
181,801
192,802
102,803
89,804
142,805
1,806
135,807
53,808
121,808
180,808
16,809
34,809
36,809
86,809
113,809
175,809
27,810
129,810
206,810
83,811
103,812
90,813
123,813
166,813
6,814
9,814
107,814
66,815
100,815
213,815
42,816
60,816
166,816
195,817
157,818
148,819
70,820
185,821
170,822
177,822
22,823
120,823
37,824
112,824
27,825
37,825
59,825
193,825
20,826
114,826
145,826
198,826
2,827
84,827
27,828
78,829
10,830
30,830
61,830
70,830
203,831
3,832
157,833
5,834
46,834
70,834
86,834
93,834
169,834
184,834
102,835
46,836
106,836
124,836
164,836
177,837
170,838
177,838
18,839
32,839
87,839
92,839
154,839
197,840
74,841
34,842
173,842
138,843
26,844
2,845
90,846
123,846
166,846
5,847
90,847
208,847
67,848
90,848
159,849
176,849
60,850
203,851
50,852
194,852
22,853
120,853
29,854
160,854
133,855
82,856
139,857
153,858
189,858
122,859
197,859
191,860
201,860
195,861
174,862
163,863
159,864
176,864
40,865
62,865
73,865
98,865
156,865
171,865
25,866
206,867
54,868
89,869
42,870
25,871
163,872
53,873
161,873
24,874
48,874
94,874
96,874
46,875
189,875
2,876
84,876
36,877
215,877
123,878
192,879
111,880
16,881
19,881
60,882
196,883
163,884
112,885
91,886
129,887
25,888
216,889
105,890
153,890
190,891
163,892
91,893
31,894
95,894
128,894
138,894
179,894
196,894
107,895
205,896
160,897
200,898
32,899
10,900
30,900
4,901
149,901
63,902
63,903
36,904
142,905
180,906
16,907
111,908
16,909
138,909
179,910
182,910
85,911
89,912
20,913
145,913
169,913
198,913
216,914
41,915
25,916
209,917
74,918
2,919
149,920
25,921
102,922
182,922
85,923
16,924
138,924
12,925
56,925
37,926
50,926
102,926
112,926
182,926
194,926
174,927
19,928
88,928
185,928
212,928
190,929
66,930
158,931
217,931
143,932
29,933
63,934
65,935
150,936
177,937
85,938
7,939
60,940
86,940
157,941
133,942
148,942
196,943
108,944
151,944
65,945
28,946
50,947
128,948
179,948
56,949
130,949
1,950
137,951
142,952
185,952
216,952
13,953
57,953
183,953
26,954
167,955
149,956
39,957
216,957
81,958
79,959
105,959
153,959
163,959
167,959
221,959
169,960
175,960
107,961
7,962
74,963
21,964
201,964
68,965
184,965
56,966
8,967
46,967
96,967
189,967
221,967
51,968
64,968
93,968
119,968
147,968
186,969
163,970
217,971
104,972
74,973
2,975
23,975
38,975
49,975
84,976
188,977
44,978
97,978
122,978
191,978
53,979
180,979
22,980
115,980
120,980
174,980
78,981
87,981
163,982
185,982
16,983
19,983
134,983
55,984
16,985
19,985
154,986
201,986
63,987
203,987
152,988
19,989
88,989
185,989
212,989
142,990
149,991
125,992
172,992
42,993
60,993
86,993
85,994
56,995
70,995
41,996
177,996
16,997
181,997
110,998
45,999
168,999
86,1000
152,1000
216,1000
4,1001
111,1002
146,1003
67,1004
157,1004
31,1005
216,1005
133,1006
216,1007
107,1008
13,1009
57,1009
145,1010
169,1010
198,1010
53,1011
66,1011
111,1012
29,1013
129,1013
91,1014
36,1015
203,1015
215,1015
172,1016
129,1018
200,1019
50,1020
194,1020
5,1021
18,1021
89,1022
134,1023
148,1024
26,1025
45,1026
170,1027
177,1027
21,1028
46,1029
96,1029
189,1029
28,1030
201,1030
81,1031
110,1032
128,1033
138,1033
167,1033
179,1033
196,1033
72,1034
27,1035
37,1035
59,1035
209,1036
76,1037
75,1038
206,1038
84,1039
66,1040
218,1040
50,1041
194,1041
23,1042
152,1043
4,1044
177,1045
221,1045
7,1046
159,1047
176,1048
58,1049
172,1049
49,1050
85,1050
50,1051
194,1051
153,1052
15,1053
31,1053
55,1054
123,1054
104,1055
149,1055
41,1056
123,1057
63,1058
69,1059
153,1060
221,1060
166,1061
50,1062
159,1062
26,1063
44,1064
86,1064
144,1064
175,1064
220,1064
190,1065
50,1066
22,1067
24,1067
78,1067
87,1067
90,1067
29,1068
106,1068
50,1069
194,1069
31,1070
170,1071
8,1072
17,1072
99,1072
62,1073
124,1073
155,1073
156,1073
164,1073
115,1074
58,1075
58,1076
52,1077
117,1077
140,1077
52,1078
108,1078
178,1078
53,1079
66,1079
213,1079
218,1079
144,1080
161,1081
44,1082
14,1083
165,1083
197,1083
165,1084
191,1084
16,1085
181,1085
170,1086
126,1087
217,1088
192,1089
161,1090
75,1091
152,1092
139,1093
179,1094
34,1095
173,1095
202,1095
7,1096
105,1097
153,1097
221,1097
170,1098
50,1099
194,1099
104,1100
97,1101
138,1102
181,1102
67,1103
78,1103
122,1103
122,1104
65,1105
143,1106
130,1107
2,1108
44,1109
63,1109
108,1110
151,1110
102,1111
158,1112
65,1113
218,1113
97,1114
10,1115
19,1115
30,1115
61,1115
130,1115
185,1115
15,1116
27,1116
37,1116
43,1116
163,1116
185,1116
58,1117
10,1118
30,1118
61,1118
133,1119
111,1120
172,1121
36,1122
49,1123
102,1124
167,1124
196,1124
130,1125
118,1126
169,1127
19,1128
61,1128
70,1128
135,1129
174,1130
66,1131
107,1131
15,1132
37,1132
112,1133
158,1133
202,1133
125,1134
129,1134
54,1135
83,1136
50,1137
158,1138
220,1138
174,1139
11,1140
157,1140
160,1141
112,1142
175,1142
123,1143
103,1144
192,1145
87,1146
90,1146
31,1147
51,1147
64,1147
73,1147
93,1147
112,1147
119,1147
153,1147
175,1148
95,1149
166,1150
45,1151
27,1152
112,1152
125,1153
44,1154
137,1155
91,1156
16,1157
61,1157
65,1158
170,1159
217,1160
48,1161
94,1161
161,1162
157,1163
106,1164
61,1165
134,1165
112,1166
158,1166
74,1167
142,1168
216,1168
80,1169
100,1169
196,1170
134,1171
76,1172
29,1173
47,1174
199,1175
179,1176
168,1177
42,1178
180,1179
3,1180
38,1180
67,1181
53,1182
161,1182
209,1182
152,1183
151,1184
15,1185
16,1186
172,1187
22,1188
120,1188
174,1188
103,1189
126,1189
140,1189
141,1190
160,1190
58,1191
55,1192
38,1193
180,1194
137,1195
111,1196
26,1197
205,1197
47,1198
81,1199
180,1199
14,1200
72,1200
133,1200
95,1201
102,1202
128,1202
182,1202
29,1203
129,1203
63,1204
91,1205
115,1206
103,1207
142,1207
110,1208
4,1209
22,1209
120,1209
38,1211
58,1211
85,1211
205,1211
135,1212
15,1213
128,1213
138,1213
167,1213
179,1213
196,1213
12,1214
59,1215
193,1215
78,1216
87,1216
90,1216
122,1216
24,1217
155,1217
210,1217
214,1217
43,1218
51,1218
64,1218
73,1218
93,1218
119,1218
147,1218
163,1218
26,1219
205,1219
154,1220
201,1220
213,1221
218,1221
186,1222
27,1223
130,1224
27,1225
66,1226
135,1227
19,1228
58,1229
121,1230
9,1231
65,1231
90,1232
123,1232
166,1232
50,1233
194,1233
169,1234
127,1235
16,1236
181,1236
149,1237
75,1238
206,1238
132,1239
127,1240
27,1241
43,1241
88,1242
175,1242
74,1243
15,1244
31,1244
216,1244
116,1245
110,1246
11,1247
67,1247
157,1247
7,1248
163,1249
199,1249
56,1250
135,1251
200,1252
182,1253
174,1254
54,1255
97,1256
144,1256
182,1257
170,1258
31,1259
95,1260
32,1261
99,1261
160,1262
200,1262
148,1263
4,1264
194,1265
4,1266
52,1267
117,1267
140,1267
196,1268
153,1269
192,1270
212,1271
1,1272
36,1272
129,1273
12,1274
37,1274
142,1274
143,1274
149,1275
133,1276
101,1277
149,1278
97,1279
196,1280
15,1281
129,1282
24,1283
87,1283
38,1284
144,1285
9,1286
66,1286
107,1286
163,1287
3,1288
29,1289
106,1289
129,1289
206,1290
54,1291
111,1292
75,1293
35,1294
186,1295
6,1296
209,1296
65,1297
29,1298
75,1299
15,1300
55,1301
36,1302
203,1302
109,1303
144,1303
155,1303
159,1303
176,1303
183,1303
116,1304
160,1305
86,1306
201,1307
200,1308
172,1309
4,1310
115,1310
144,1311
200,1312
141,1313
78,1314
165,1315
191,1315
90,1316
123,1316
166,1316
180,1317
180,1318
53,1319
213,1319
218,1319
152,1320
174,1321
15,1322
167,1322
179,1322
89,1323
216,1324
86,1325
192,1326
63,1327
101,1328
8,1329
13,1329
17,1329
99,1329
103,1330
161,1331
66,1332
133,1332
160,1333
185,1334
44,1335
54,1336
148,1337
56,1338
105,1339
153,1339
182,1340
167,1341
182,1341
24,1342
78,1342
90,1342
207,1342
16,1343
138,1343
192,1344
11,1345
67,1345
157,1345
2,1346
84,1346
66,1347
218,1347
30,1348
52,1348
178,1348
44,1349
122,1349
25,1350
15,1351
165,1352
101,1353
158,1354
6,1355
209,1355
86,1356
84,1357
29,1358
66,1359
133,1359
36,1360
2,1361
55,1362
87,1363
90,1363
70,1364
65,1365
74,1366
158,1367
125,1368
80,1369
125,1370
49,1371
44,1372
1,1373
160,1374
22,1375
120,1375
31,1376
105,1376
138,1377
129,1378
135,1379
75,1380
72,1381
197,1381
36,1382
215,1382
168,1383
36,1384
190,1384
215,1384
25,1386
196,1386
70,1387
66,1388
218,1388
209,1389
122,1390
192,1391
44,1392
52,1393
108,1393
178,1393
86,1394
153,1394
170,1395
4,1396
101,1397
85,1398
29,1399
21,1400
195,1400
67,1401
82,1401
153,1402
221,1402
53,1403
121,1403
180,1403
190,1404
128,1405
138,1405
181,1405
186,1406
72,1407
41,1408
66,1409
107,1409
39,1410
182,1411
122,1412
47,1413
2,1414
2,1415
65,1416
125,1417
16,1418
181,1418
55,1419
45,1420
53,1421
81,1422
180,1422
32,1423
92,1423
99,1423
39,1424
174,1425
65,1426
118,1427
201,1428
36,1429
215,1429
149,1430
173,1431
220,1431
144,1432
36,1433
158,1434
107,1435
163,1436
43,1437
194,1437
206,1437
136,1438
12,1439
54,1440
104,1441
160,1442
124,1443
155,1443
121,1444
180,1444
126,1445
178,1445
97,1446
26,1447
88,1447
175,1447
205,1447
60,1448
126,1448
140,1448
190,1449
122,1450
141,1451
161,1451
12,1452
56,1452
91,1453
133,1454
10,1455
19,1455
30,1455
61,1455
144,1456
11,1457
8,1458
48,1458
94,1458
21,1459
102,1460
180,1461
4,1462
195,1463
34,1464
173,1464
122,1465
7,1466
9,1466
72,1467
103,1468
199,1469
45,1470
155,1470
181,1470
183,1470
53,1471
209,1471
74,1472
55,1473
122,1473
197,1473
129,1474
1,1475
76,1476
15,1477
18,1478
109,1478
159,1478
102,1479
167,1479
50,1480
111,1481
72,1482
78,1483
63,1484
190,1484
174,1485
135,1486
15,1487
138,1487
55,1488
148,1489
149,1490
195,1491
195,1492
16,1493
181,1493
54,1494
1,1495
39,1496
16,1497
16,1498
134,1498
195,1499
14,1500
133,1500
115,1501
188,1502
85,1503
23,1504
53,1504
209,1504
29,1505
106,1506
129,1506
39,1507
49,1508
84,1508
137,1509
174,1510
31,1511
105,1511
221,1511
102,1512
6,1513
192,1514
15,1515
50,1516
112,1516
194,1516
10,1517
19,1517
30,1517
61,1517
112,1518
166,1518
3,1519
206,1520
67,1521
157,1521
161,1522
92,1523
99,1523
189,1523
212,1523
4,1524
59,1525
146,1526
19,1527
122,1528
80,1529
100,1529
114,1529
165,1530
44,1531
166,1532
29,1533
125,1533
61,1534
4,1535
115,1535
55,1536
122,1536
191,1536
146,1537
107,1538
43,1539
163,1539
5,1540
154,1540
208,1540
122,1541
103,1542
149,1543
174,1543
38,1544
58,1544
205,1544
84,1545
70,1546
8,1547
46,1547
189,1547
53,1548
199,1549
4,1550
52,1551
108,1551
178,1551
122,1552
123,1552
136,1552
63,1553
23,1554
53,1554
163,1555
34,1556
173,1556
2,1557
49,1557
84,1557
172,1557
86,1558
108,1559
151,1559
167,1560
196,1560
195,1561
90,1562
208,1562
47,1563
95,1564
3,1565
160,1566
4,1567
115,1567
139,1568
41,1569
186,1570
127,1571
135,1572
105,1573
132,1573
139,1574
45,1575
191,1576
174,1577
15,1578
168,1579
52,1580
117,1580
140,1580
13,1581
17,1581
160,1582
19,1583
185,1583
212,1583
201,1584
23,1585
53,1585
132,1586
200,1586
14,1587
110,1588
177,1589
105,1590
130,1590
87,1591
89,1591
50,1592
142,1593
95,1594
128,1595
4,1596
74,1597
63,1598
203,1598
26,1599
2,1600
53,1600
180,1600
29,1601
129,1601
139,1602
104,1603
185,1604
199,1604
48,1605
92,1605
94,1605
99,1605
124,1605
78,1606
123,1606
56,1607
197,1608
217,1608
129,1609
26,1610
57,1611
33,1612
41,1613
167,1614
182,1614
116,1615
84,1616
182,1617
165,1618
191,1618
110,1619
111,1620
148,1621
197,1622
188,1623
168,1624
4,1625
180,1626
195,1627
75,1628
186,1629
27,1630
43,1630
165,1631
23,1632
185,1633
108,1634
151,1634
180,1635
217,1636
20,1637
145,1637
169,1637
198,1637
7,1638
167,1639
103,1640
195,1641
95,1642
58,1643
146,1643
172,1643
188,1644
55,1645
197,1645
129,1646
26,1647
212,1647
110,1648
169,1649
206,1650
196,1651
72,1652
115,1653
86,1654
126,1654
140,1654
217,1655
132,1656
160,1656
21,1657
89,1657
14,1658
217,1658
132,1659
66,1660
107,1660
23,1661
209,1661
115,1662
102,1663
11,1664
18,1665
45,1665
124,1665
155,1665
65,1666
115,1667
186,1668
129,1669
106,1670
217,1671
4,1672
6,1673
26,1674
81,1675
31,1676
51,1676
64,1676
73,1676
93,1676
112,1676
119,1676
147,1676
34,1677
173,1677
199,1678
53,1679
161,1679
56,1680
203,1681
28,1682
49,1683
180,1683
105,1684
130,1684
153,1684
102,1685
128,1685
167,1685
179,1685
16,1686
181,1686
83,1687
140,1688
44,1689
172,1690
121,1691
161,1691
215,1692
188,1693
49,1694
58,1694
56,1695
161,1696
11,1697
130,1698
221,1698
4,1699
72,1699
65,1700
115,1700
101,1701
107,1702
218,1702
67,1703
82,1703
42,1704
113,1704
2,1706
26,1706
205,1706
61,1707
4,1708
12,1709
49,1710
165,1711
192,1712
168,1713
106,1714
1,1715
133,1716
155,1717
210,1717
214,1717
129,1718
89,1719
47,1720
103,1721
163,1722
40,1723
197,1724
101,1725
36,1726
215,1726
141,1727
150,1727
95,1728
4,1729
76,1729
161,1730
135,1731
206,1731
221,1732
174,1733
38,1734
199,1735
120,1736
10,1738
42,1738
60,1738
141,1739
16,1740
138,1740
23,1741
53,1741
2,1742
10,1743
19,1743
125,1744
10,1745
30,1745
61,1745
185,1746
121,1747
161,1747
3,1748
205,1748
118,1749
122,1750
137,1751
9,1752
121,1753
132,1754
160,1754
15,1755
27,1755
37,1755
112,1755
36,1756
55,1757
122,1757
197,1757
121,1758
216,1759
4,1760
76,1760
115,1760
215,1761
185,1762
27,1763
29,1763
41,1763
43,1763
129,1763
206,1763
221,1763
194,1764
41,1765
149,1766
195,1767
2,1768
38,1768
36,1769
74,1770
56,1771
70,1771
141,1772
209,1772
106,1773
165,1774
72,1775
118,1776
152,1777
24,1778
88,1779
180,1779
137,1780
41,1781
103,1782
199,1782
206,1783
72,1784
24,1785
197,1785
207,1785
188,1786
65,1787
168,1788
153,1789
150,1790
89,1791
146,1791
188,1792
122,1793
191,1793
112,1794
158,1794
202,1794
165,1795
4,1796
115,1796
52,1797
2,1798
24,1799
48,1799
94,1799
112,1800
6,1801
169,1802
56,1803
170,1804
22,1805
115,1805
120,1805
80,1806
122,1807
123,1807
75,1808
75,1809
116,1809
206,1809
104,1811
135,1812
122,1813
123,1813
102,1814
3,1815
217,1816
195,1817
21,1818
122,1818
137,1818
154,1818
83,1819
7,1820
25,1821
142,1822
152,1822
190,1823
11,1824
157,1824
135,1825
161,1826
25,1827
20,1828
79,1828
33,1829
115,1830
185,1831
52,1832
108,1832
178,1832
7,1833
4,1834
115,1834
26,1835
110,1836
138,1837
174,1838
60,1839
86,1839
102,1840
50,1841
86,1842
150,1843
11,1844
157,1844
27,1845
43,1845
152,1845
7,1846
58,1847
61,1848
58,1849
56,1850
142,1851
132,1852
42,1853
60,1853
113,1853
137,1854
185,1855
216,1855
104,1856
27,1857
206,1857
129,1858
209,1859
58,1860
199,1861
49,1862
125,1862
58,1863
146,1863
172,1863
110,1864
82,1865
63,1866
141,1867
150,1867
141,1868
167,1869
182,1869
101,1870
22,1871
83,1872
48,1873
94,1873
96,1873
89,1874
85,1875
61,1876
129,1877
66,1878
133,1878
191,1878
115,1879
163,1880
125,1881
45,1882
65,1883
115,1883
84,1884
179,1885
66,1886
218,1886
65,1887
170,1888
149,1889
176,1890
21,1891
39,1892
186,1893
34,1894
113,1894
173,1894
49,1895
125,1895
205,1895
203,1896
72,1897
1,1898
180,1899
121,1900
16,1901
74,1902
103,1903
47,1904
163,1905
132,1906
200,1906
2,1907
84,1907
172,1907
49,1908
87,1909
123,1909
136,1909
180,1910
101,1911
58,1912
25,1913
221,1914
124,1915
164,1915
8,1916
48,1916
94,1916
11,1917
67,1917
157,1917
116,1918
196,1919
1,1920
96,1921
74,1922
54,1923
27,1924
37,1924
43,1924
182,1925
92,1926
124,1926
196,1927
172,1928
1,1929
199,1930
26,1931
205,1931
88,1932
49,1933
125,1933
67,1934
90,1934
76,1935
160,1936
122,1937
21,1938
197,1939
76,1940
37,1941
43,1941
152,1941
142,1942
95,1943
188,1943
36,1944
203,1944
130,1945
16,1946
19,1946
52,1947
178,1947
102,1948
75,1949
116,1949
157,1950
163,1951
139,1952
21,1953
42,1953
87,1953
89,1953
112,1953
146,1953
158,1953
201,1953
217,1953
220,1953
175,1954
105,1955
14,1956
148,1956
95,1957
199,1957
66,1958
213,1958
174,1959
34,1960
173,1960
181,1961
174,1962
46,1964
155,1964
16,1965
134,1965
173,1965
220,1965
133,1966
89,1967
152,1968
36,1969
41,1970
74,1971
56,1972
101,1973
122,1974
197,1974
100,1975
212,1975
111,1976
28,1977
191,1977
84,1978
112,1979
216,1980
196,1981
22,1982
21,1983
118,1984
190,1985
215,1985
218,1986
193,1987
75,1988
116,1988
44,1989
19,1991
61,1991
132,1992
83,1993
121,1995
206,1996
133,1997
165,1997
22,1998
120,1998
174,1998
67,1999
174,2000
12,2001
143,2001
34,2002
86,2002
144,2002
173,2002
175,2002
190,2002
220,2002
103,2003
95,2005
138,2006
65,2007
63,2008
146,2009
84,2010
35,2011
3,2012
199,2013
35,2014
15,2015
137,2016
104,2017
25,2018
102,2019
81,2020
180,2020
135,2021
125,2022
180,2023
4,2024
55,2025
2,2026
182,2027
2,2028
3,2028
39,2029
152,2029
102,2030
83,2031
74,2032
177,2033
12,2034
92,2035
97,2036
138,2037
31,2038
153,2038
111,2039
91,2040
129,2041
75,2042
177,2043
9,2044
66,2044
133,2044
8,2045
17,2045
41,2046
49,2047
84,2047
85,2047
41,2048
175,2049
202,2049
95,2050
179,2050
15,2051
31,2051
148,2052
27,2053
37,2053
59,2053
193,2053
116,2054
185,2055
199,2055
181,2056
1,2057
196,2057
38,2058
150,2058
66,2059
218,2059
66,2060
133,2060
217,2060
9,2061
13,2061
17,2061
14,2062
37,2063
143,2063
87,2064
136,2064
125,2065
160,2065
4,2066
137,2067
138,2068
65,2069
37,2070
138,2071
14,2072
10,2073
30,2073
61,2073
70,2073
21,2074
49,2075
125,2075
12,2076
86,2076
143,2076
28,2077
146,2077
153,2078
221,2078
125,2079
146,2079
172,2079
104,2080
177,2081
118,2082
67,2083
82,2083
180,2084
91,2085
129,2086
23,2087
88,2087
76,2088
135,2089
170,2090
101,2091
53,2092
152,2093
153,2094
221,2094
182,2095
4,2096
139,2097
83,2098
152,2099
50,2100
22,2101
136,2101
146,2102
185,2103
33,2104
130,2105
167,2106
160,2107
192,2108
79,2109
86,2110
143,2110
1,2111
132,2112
150,2113
215,2114
72,2115
104,2115
103,2116
188,2116
16,2117
181,2117
29,2118
7,2119
118,2120
55,2121
12,2122
143,2122
180,2123
195,2124
12,2125
78,2126
72,2127
47,2128
165,2129
135,2130
175,2131
216,2132
58,2133
125,2134
148,2135
3,2136
180,2137
56,2138
12,2139
45,2140
127,2141
74,2142
148,2143
58,2144
66,2145
58,2146
63,2147
97,2147
132,2148
149,2149
16,2150
134,2150
200,2151
170,2152
177,2152
110,2153
37,2154
152,2155
153,2156
221,2156
50,2157
194,2157
47,2158
21,2159
139,2160
142,2161
110,2162
4,2163
115,2163
14,2164
148,2164
44,2165
209,2166
1,2167
110,2167
192,2167
135,2168
206,2168
39,2169
139,2170
9,2171
191,2172
52,2173
117,2173
140,2173
167,2174
35,2175
68,2175
184,2175
56,2176
104,2177
31,2178
143,2178
19,2179
88,2179
78,2180
72,2181
91,2181
104,2181
161,2182
175,2183
206,2184
215,2185
48,2186
96,2186
47,2187
85,2188
95,2189
87,2190
122,2190
165,2192
1,2193
139,2194
192,2195
38,2196
41,2197
43,2197
194,2197
221,2197
15,2198
188,2199
33,2200
9,2201
86,2202
44,2203
97,2203
144,2204
53,2205
161,2205
55,2206
185,2207
89,2208
146,2208
38,2209
123,2210
14,2211
148,2211
45,2212
16,2213
61,2213
134,2213
2,2214
161,2215
88,2216
180,2216
209,2217
29,2218
129,2218
43,2219
50,2220
146,2221
83,2222
143,2223
160,2224
192,2225
181,2226
108,2227
151,2227
161,2229
78,2230
87,2230
123,2230
130,2231
153,2231
221,2231
221,2232
200,2233
199,2234
72,2235
22,2236
136,2236
54,2237
144,2237
74,2238
157,2239
36,2240
41,2241
129,2241
134,2242
1,2243
66,2244
85,2245
35,2246
26,2247
91,2248
182,2249
20,2250
51,2250
145,2250
130,2251
178,2252
203,2253
174,2254
72,2255
128,2256
89,2257
177,2258
94,2259
154,2260
201,2260
55,2261
197,2261
15,2262
31,2262
148,2263
90,2264
26,2265
102,2266
168,2267
122,2268
11,2269
84,2270
97,2271
63,2272
87,2273
11,2274
67,2274
39,2275
74,2276
181,2277
102,2278
179,2278
107,2279
175,2280
152,2281
2,2282
70,2283
112,2284
106,2285
15,2286
122,2287
201,2287
132,2288
190,2289
104,2290
100,2291
221,2292
37,2293
143,2293
110,2294
101,2295
86,2296
53,2297
148,2298
14,2299
149,2300
185,2302
105,2303
180,2304
195,2305
122,2306
136,2306
191,2307
190,2308
163,2309
116,2310
65,2311
103,2312
22,2313
136,2313
128,2314
179,2314
58,2315
3,2316
38,2316
44,2317
175,2318
178,2319
50,2320
45,2321
55,2322
146,2323
195,2324
132,2325
160,2325
200,2325
48,2326
94,2326
192,2327
123,2328
63,2329
203,2329
102,2331
47,2333
191,2334
39,2335
170,2336
130,2337
17,2338
112,2338
204,2338
29,2339
56,2340
23,2341
160,2342
195,2343
146,2344
110,2345
139,2346
38,2347
206,2348
129,2349
66,2350
107,2350
218,2350
201,2351
42,2352
60,2352
113,2352
215,2353
212,2354
105,2355
153,2355
139,2356
63,2357
74,2358
161,2359
25,2360
126,2361
178,2361
58,2362
170,2363
165,2364
7,2365
23,2365
80,2365
114,2365
139,2366
6,2367
28,2368
188,2369
55,2370
123,2370
149,2371
97,2372
159,2373
176,2373
179,2373
103,2374
188,2374
142,2375
115,2376
50,2377
152,2378
29,2379
132,2380
116,2381
97,2382
67,2383
49,2384
141,2384
34,2385
220,2385
188,2386
86,2387
2,2388
75,2389
200,2390
35,2391
157,2392
209,2394
152,2395
104,2396
54,2397
83,2397
129,2398
110,2399
12,2400
143,2400
133,2401
209,2401
217,2401
43,2402
200,2403
3,2404
195,2405
111,2406
84,2407
95,2408
130,2409
153,2409
149,2410
179,2411
102,2412
174,2413
160,2414
150,2415
170,2416
75,2417
72,2418
33,2419
177,2420
10,2421
116,2422
85,2423
7,2424
178,2425
41,2426
41,2427
106,2427
89,2428
127,2430
217,2431
103,2432
141,2433
150,2433
116,2434
1,2435
209,2436
111,2437
55,2438
142,2439
118,2440
83,2441
107,2442
218,2442
165,2443
76,2444
58,2445
3,2446
72,2447
150,2448
209,2448
57,2449
33,2450
209,2451
160,2452
122,2453
102,2454
128,2454
4,2455
128,2456
138,2456
167,2456
196,2456
206,2457
111,2458
217,2459
205,2460
105,2461
143,2461
221,2461
197,2462
121,2463
56,2464
33,2465
133,2466
217,2466
78,2467
87,2467
90,2467
122,2467
65,2468
135,2469
39,2470
152,2470
1,2471
101,2472
83,2473
95,2474
21,2475
33,2476
174,2477
152,2478
216,2478
192,2479
4,2480
201,2481
14,2482
4,2483
16,2484
181,2484
7,2485
218,2485
106,2486
177,2486
137,2487
188,2488
160,2489
101,2490
75,2491
139,2493
54,2494
83,2494
142,2495
128,2496
167,2496
104,2497
133,2498
89,2499
25,2500
1,2501
54,2501
102,2502
167,2502
101,2503
116,2504
67,2505
67,2506
86,2507
177,2508
182,2509
195,2510
177,2511
56,2512
74,2513
76,2514
44,2515
150,2516
58,2517
88,2517
31,2518
66,2519
107,2519
182,2520
141,2521
130,2522
67,2523
182,2525
7,2526
103,2527
3,2528
75,2529
2,2530
9,2531
66,2531
191,2531
150,2532
39,2533
84,2534
161,2534
34,2535
173,2535
20,2536
169,2536
66,2537
107,2537
118,2538
49,2539
58,2539
192,2540
36,2541
139,2542
149,2543
110,2544
85,2546
88,2546
33,2547
154,2548
70,2549
190,2550
137,2551
122,2552
123,2552
150,2553
218,2554
180,2555
158,2556
3,2557
76,2558
103,2559
51,2560
98,2560
188,2561
76,2562
56,2563
15,2564
97,2565
38,2566
142,2567
112,2568
2,2569
3,2569
4,2570
11,2571
111,2571
13,2572
17,2572
25,2573
26,2574
58,2574
28,2575
29,2576
106,2576
102,2577
182,2577
33,2578
26,2579
35,2580
12,2581
37,2581
143,2581
39,2582
33,2583
44,2584
47,2585
54,2586
55,2587
56,2588
61,2589
63,2590
203,2590
65,2591
29,2592
67,2593
72,2594
14,2595
74,2596
4,2597
76,2597
17,2598
38,2599
83,2600
42,2601
85,2602
111,2603
41,2604
88,2605
90,2606
166,2606
91,2607
91,2608
95,2609
45,2610
85,2611
12,2612
102,2613
97,2614
104,2615
29,2616
23,2617
97,2618
83,2619
111,2620
39,2621
4,2622
115,2622
116,2623
117,2624
9,2625
63,2626
104,2627
118,2628
121,2629
122,2630
54,2631
33,2632
127,2633
133,2634
134,2635
135,2636
136,2637
133,2638
41,2639
137,2640
38,2641
141,2642
161,2642
103,2643
26,2644
49,2644
143,2645
97,2646
144,2646
146,2647
186,2648
55,2649
116,2650
118,2651
149,2652
107,2653
152,2654
49,2655
84,2655
158,2656
132,2657
160,2658
161,2659
31,2660
105,2660
143,2660
148,2661
66,2662
165,2663
54,2664
70,2665
167,2666
182,2666
47,2667
168,2668
3,2669
115,2670
36,2671
172,2672
101,2673
111,2673
20,2674
145,2674
169,2674
198,2674
72,2675
174,2675
175,2676
39,2677
170,2678
111,2679
58,2680
2,2681
53,2681
180,2681
3,2682
179,2683
135,2684
139,2684
101,2685
38,2686
103,2687
142,2687
44,2688
148,2689
135,2690
179,2691
27,2692
43,2692
116,2692
206,2692
221,2692
74,2693
190,2694
191,2695
111,2696
27,2697
29,2698
142,2699
25,2700
148,2701
135,2702
139,2702
63,2703
185,2704
199,2704
42,2705
125,2706
194,2707
195,2708
180,2709
102,2710
196,2710
31,2711
124,2712
156,2712
164,2712
14,2713
2,2714
74,2715
130,2715
170,2715
200,2715
78,2716
123,2716
86,2717
143,2717
52,2718
108,2718
128,2719
138,2719
167,2719
196,2719
4,2720
203,2721
174,2722
137,2723
104,2724
195,2725
55,2726
158,2727
1,2728
205,2729
130,2730
195,2731
203,2732
102,2733
128,2733
167,2733
53,2734
72,2735
148,2735
7,2736
14,2737
135,2738
206,2738
1,2739
76,2740
29,2741
91,2742
121,2743
56,2744
103,2745
27,2746
37,2746
102,2746
65,2747
50,2748
101,2749
175,2750
45,2751
111,2752
146,2753
54,2754
67,2755
157,2755
4,2756
76,2756
141,2757
150,2757
15,2758
36,2759
134,2760
161,2761
192,2762
29,2763
91,2764
4,2765
56,2766
149,2767
105,2768
153,2768
21,2769
195,2769
139,2770
199,2771
25,2772
105,2773
153,2773
3,2774
60,2775
192,2776
160,2777
186,2778
35,2779
53,2780
45,2781
72,2782
11,2783
104,2784
195,2785
31,2786
105,2786
115,2787
38,2788
23,2789
47,2790
142,2791
4,2792
74,2793
14,2794
7,2795
132,2796
138,2797
192,2798
55,2799
159,2800
176,2800
28,2801
49,2802
9,2803
143,2804
44,2805
91,2806
37,2807
142,2807
143,2807
38,2808
49,2808
85,2809
188,2810
33,2811
104,2811
102,2812
138,2813
54,2814
192,2815
45,2816
132,2817
97,2818
144,2818
6,2819
134,2820
203,2820
135,2821
163,2822
134,2823
182,2824
130,2825
19,2826
61,2826
105,2827
25,2828
16,2829
61,2829
134,2829
74,2830
151,2831
180,2832
138,2833
102,2834
4,2835
134,2836
103,2837
203,2838
50,2839
177,2840
48,2841
94,2841
50,2842
133,2843
139,2844
153,2845
191,2846
174,2847
163,2848
25,2849
54,2850
86,2851
143,2851
214,2852
41,2853
25,2854
161,2855
215,2856
123,2857
192,2858
111,2859
16,2860
19,2860
190,2861
196,2861
163,2862
129,2863
149,2864
216,2865
54,2866
190,2866
163,2867
91,2868
95,2869
200,2870
111,2871
89,2872
36,2873
216,2874
25,2875
209,2876
74,2877
25,2878
182,2879
85,2880
56,2881
190,2882
123,2883
12,2884
143,2884
63,2885
65,2886
150,2887
177,2888
148,2889
196,2890
65,2891
179,2892
137,2893
185,2894
169,2895
175,2895
7,2896
74,2897
4,2898
115,2898
56,2899
158,2900
217,2901
104,2902
74,2903
170,2903
102,2904
182,2904
188,2904
191,2905
53,2906
121,2906
61,2907
134,2907
142,2908
172,2909
42,2910
60,2910
86,2910
85,2911
177,2912
86,2913
133,2914
66,2915
84,2916
172,2916
195,2917
129,2918
200,2919
26,2920
123,2921
45,2922
70,2923
128,2924
179,2924
196,2924
76,2925
206,2926
84,2927
152,2928
172,2929
104,2930
41,2931
23,2932
19,2933
30,2933
61,2933
26,2934
84,2934
50,2935
29,2936
106,2936
16,2937
218,2938
161,2939
44,2940
191,2941
217,2942
192,2943
75,2944
139,2945
7,2946
97,2947
65,2948
115,2948
143,2949
97,2950
63,2951
58,2952
194,2953
111,2954
16,2955
61,2955
134,2955
172,2956
36,2957
169,2958
174,2959
66,2960
15,2961
216,2961
177,2962
177,2963
174,2964
50,2965
103,2965
192,2966
49,2967
125,2967
44,2968
91,2969
61,2970
217,2971
161,2972
29,2973
106,2973
129,2973
134,2974
148,2975
74,2976
134,2977
65,2978
76,2978
29,2979
180,2980
199,2981
179,2982
180,2983
15,2984
16,2985
181,2985
172,2986
180,2987
137,2988
95,2989
128,2990
91,2991
65,2992
115,2992
110,2993
206,2994
135,2995
93,2996
49,2997
130,2998
54,2999
135,3000
121,3001
65,3002
58,3003
149,3004
15,3005
216,3005
65,3006
116,3007
110,3008
7,3009
199,3010
56,3011
200,3012
182,3013
54,3014
170,3015
115,3016
160,3017
200,3017
160,3018
200,3019
4,3020
4,3021
76,3021
196,3022
192,3023
1,3024
186,3025
149,3026
133,3027
101,3028
97,3029
190,3030
196,3030
15,3031
129,3032
161,3033
174,3034
75,3035
65,3036
75,3037
203,3038
116,3039
160,3040
172,3041
200,3042
191,3043
169,3044
180,3045
174,3046
89,3047
86,3048
192,3049
206,3050
63,3051
101,3052
103,3053
11,3054
185,3055
44,3056
148,3057
56,3058
61,3058
182,3059
174,3060
78,3061
190,3062
84,3063
212,3064
44,3065
25,3066
135,3067
165,3068
209,3069
29,3070
133,3071
4,3072
74,3073
61,3074
1,3075
160,3076
22,3077
120,3077
138,3078
129,3079
72,3080
36,3081
168,3082
25,3084
66,3085
218,3085
23,3086
209,3087
44,3088
47,3089
163,3090
170,3091
4,3092
101,3093
85,3094
29,3095
180,3096
190,3097
142,3098
65,3099
115,3099
66,3100
107,3100
39,3101
182,3102
47,3103
2,3104
65,3105
39,3106
174,3107
12,3108
57,3109
54,3110
141,3111
161,3111
21,3112
28,3112
180,3113
195,3114
122,3115
72,3116
74,3117
55,3118
1,3119
167,3120
111,3121
72,3122
190,3123
174,3124
138,3125
148,3126
16,3127
1,3128
195,3129
115,3130
85,3131
137,3132
31,3133
102,3134
192,3135
15,3136
38,3137
137,3138
146,3139
165,3140
44,3141
115,3142
191,3143
146,3144
163,3145
103,3146
84,3147
63,3148
203,3148
163,3149
90,3150
101,3151
45,3152
174,3153
200,3154
14,3155
180,3156
177,3157
142,3158
128,3159
186,3160
166,3161
39,3162
26,3163
67,3164
104,3165
50,3166
26,3167
116,3168
84,3169
110,3170
203,3171
111,3172
148,3173
188,3174
199,3175
168,3176
84,3177
36,3178
148,3179
123,3180
75,3181
165,3182
185,3183
7,3184
129,3185
11,3186
110,3187
206,3188
115,3189
217,3190
132,3191
217,3192
133,3193
89,3195
50,3196
194,3196
6,3197
26,3198
38,3198
65,3199
115,3200
186,3201
129,3202
26,3203
199,3204
56,3205
83,3206
133,3207
97,3208
121,3209
215,3210
14,3211
188,3212
58,3213
56,3214
72,3215
163,3216
216,3218
192,3219
168,3220
133,3221
129,3222
197,3223
50,3224
101,3225
122,3226
101,3227
123,3228
111,3229
206,3230
199,3231
118,3232
169,3233
130,3234
141,3235
138,3236
185,3237
118,3238
122,3239
121,3240
121,3241
115,3242
215,3243
185,3244
56,3245
141,3246
163,3247
47,3248
72,3249
152,3250
27,3251
37,3251
43,3251
137,3252
199,3253
72,3254
65,3255
53,3256
150,3257
89,3258
128,3259
167,3259
39,3260
191,3261
165,3262
115,3263
112,3264
128,3265
15,3266
170,3267
75,3268
75,3269
104,3270
159,3271
179,3272
83,3273
7,3274
152,3275
135,3276
79,3277
33,3278
115,3279
174,3279
216,3280
66,3281
115,3282
138,3283
86,3284
121,3285
150,3285
27,3286
58,3287
58,3288
63,3289
137,3290
216,3291
193,3292
199,3293
150,3294
182,3295
101,3296
89,3297
115,3298
45,3299
84,3300
65,3301
39,3302
21,3303
49,3304
115,3305
203,3306
72,3307
90,3309
103,3310
163,3311
132,3312
101,3313
21,3314
216,3315
67,3316
116,3317
1,3318
2,3319
54,3320
172,3321
103,3322
199,3323
84,3324
76,3325
21,3326
197,3327
76,3328
23,3329
142,3330
95,3331
188,3331
36,3332
130,3333
16,3334
85,3335
116,3336
175,3337
31,3338
199,3339
89,3341
36,3342
215,3342
41,3343
127,3344
56,3345
111,3346
112,3347
163,3348
12,3349
105,3350
70,3352
215,3353
50,3354
132,3355
83,3356
217,3357
121,3358
206,3359
133,3360
67,3361
216,3362
85,3363
190,3364
63,3366
50,3367
84,3368
52,3369
3,3370
15,3372
135,3373
4,3374
55,3375
2,3376
152,3377
209,3378
102,3379
83,3380
177,3381
97,3382
31,3383
91,3384
129,3385
75,3386
177,3387
41,3388
41,3389
179,3390
14,3391
148,3391
74,3392
116,3393
185,3394
6,3395
209,3395
1,3396
1,3397
217,3398
4,3399
90,3400
137,3401
21,3402
146,3402
104,3403
170,3404
182,3405
103,3406
122,3407
185,3408
58,3409
167,3410
160,3411
192,3412
1,3413
215,3414
104,3415
118,3416
90,3417
166,3417
129,3418
180,3419
58,3420
12,3421
116,3422
175,3423
216,3424
58,3425
122,3426
83,3427
45,3428
200,3429
177,3430
153,3431
142,3432
148,3433
39,3434
139,3435
191,3436
75,3437
142,3438
104,3439
215,3440
122,3441
182,3442
1,3444
192,3445
33,3446
188,3447
137,3448
44,3449
66,3450
161,3451
55,3452
14,3453
148,3453
143,3454
151,3455
205,3456
200,3458
143,3459
36,3460
41,3461
1,3462
110,3463
91,3465
4,3466
130,3467
203,3468
203,3469
129,3470
72,3471
89,3472
192,3473
31,3474
148,3475
54,3476
168,3477
97,3478
83,3479
39,3480
74,3481
179,3482
152,3483
70,3484
72,3485
104,3486
89,3487
101,3488
4,3490
149,3490
185,3491
180,3492
190,3493
65,3494
44,3495
63,3496
146,3497
61,3498
134,3498
15,3499
55,3500
137,3501
44,3502
47,3503
56,3504
129,3505
146,3506
58,3507
139,3508
38,3509
206,3510
215,3511
178,3512
196,3513
25,3514
165,3515
139,3516
123,3517
103,3518
188,3518
132,3519
97,3520
9,3521
214,3522
75,3524
200,3525
152,3526
65,3527
84,3528
130,3529
196,3530
4,3531
179,3532
102,3533
23,3534
170,3535
170,3536
33,3537
177,3538
141,3539
116,3540
7,3541
83,3542
118,3543
116,3544
111,3545
103,3546
55,3547
142,3548
161,3549
181,3550
76,3551
135,3552
72,3553
33,3554
160,3555
146,3556
63,3557
206,3558
217,3559
186,3560
191,3561
221,3562
152,3563
56,3564
135,3565
83,3566
95,3567
16,3568
15,3569
4,3570
201,3571
75,3572
95,3573
163,3574
179,3575
75,3576
83,3578
142,3579
206,3580
199,3581
25,3582
54,3583
1,3584
116,3585
67,3586
177,3587
182,3588
195,3589
56,3590
74,3591
76,3592
48,3593
182,3594
25,3595
130,3596
186,3597
7,3598
31,3599
63,3600
173,3601
194,3602
36,3603
33,3604
160,3605
53,3606
12,3607
190,3608
150,3609
165,3610
180,3611
206,3612
103,3613
161,3614
15,3615
38,3616
11,3617
